"","countryname","iso3","year","n_gdp","r_gdp","r_gdp_pc","r_gdp_usd","deflator","cons","rcons","cons_gdp","inv","inv_gdp","finv","finv_gdp","exports","exports_gdp","imports","imports_gdp","ca","ca_gdp","us_dfx","reer","govexp","govexp_gdp","govrev","govrev_gdp","govtax","govtax_gdp","govdef","govdef_gdp","govdebt","govdebt_gdp","hpi","cpi","infl","pop","unemp","strate","ltrate","cbrate","m0","m1","m2","m3","m4","sov_debt_crisis","currency_crisis","banking_crisis","Flood","Epidemic","Mass movement (dry)","Drought","Earthquake","Mass movement (wet)","Storm","Wildfire","Extreme temperature","any_disaster"
"1","Nepal","NPL",1960,4494.9761,250888.06,24660.428,3179.5251,1.7916261,NA,NA,NA,NA,NA,NA,NA,130.20409,NA,273.33334,NA,NA,NA,7.5,NA,208.47009,NA,NA,NA,NA,NA,NA,NA,NA,NA,NA,NA,NA,10.173711,NA,NA,NA,NA,98.512352,171.92578,169.93466,NA,NA,NA,NA,NA,NA,NA,NA,NA,NA,NA,NA,NA,NA,NA
"2","Nepal","NPL",1961,4703.8828,255675.66,24656.721,3240.1987,1.8397852,NA,NA,NA,NA,NA,NA,NA,207.14287,NA,379.04761,NA,NA,NA,7.619,NA,230.03598,NA,NA,NA,NA,NA,NA,NA,NA,NA,NA,NA,NA,10.369411,NA,NA,NA,NA,123.65087,210.99126,207.797,NA,NA,NA,NA,NA,NA,NA,NA,NA,NA,NA,NA,NA,NA,NA
"3","Nepal","NPL",1962,5076.4331,260559.91,24643.584,3302.0972,1.9482787,NA,NA,NA,NA,NA,NA,NA,261.39456,8.6094999,422.85715,NA,NA,NA,7.619,NA,160.30632,5.068182,NA,NA,NA,NA,NA,NA,NA,NA,NA,NA,NA,10.573133,NA,NA,NA,NA,126.64963,215.04877,216.2289,NA,NA,NA,NA,NA,NA,NA,NA,NA,NA,NA,NA,NA,NA,NA
"4","Nepal","NPL",1963,5357.2964,265497.78,24622.188,3364.6753,2.0178308,NA,NA,NA,202.96442,3.8379722,306.92844,5.8957982,284.08163,8.9499245,575.2381,NA,NA,NA,7.619,NA,188.34195,5.695652,NA,NA,NA,NA,NA,NA,NA,NA,NA,NA,NA,10.782867,NA,NA,NA,NA,166.84573,277.42142,271.68466,NA,NA,NA,NA,NA,0,1,1,0,0,0,0,0,0,2
"5","Nepal","NPL",1964,5829.6577,285496.28,25953,3618.1179,2.0419383,NA,NA,NA,224.48575,3.8380845,339.46365,5.8957982,287.04083,8.3197002,576.19049,NA,NA,NA,7.619,172.30656,229.31711,6.3800001,NA,NA,NA,NA,NA,NA,NA,NA,NA,2.7842472,NA,11.000512,NA,NA,NA,NA,187.0714,357.34521,339.38287,NA,NA,NA,NA,NA,0,0,0,1,0,0,0,0,0,1
"6","Nepal","NPL",1965,6501.6406,282061.22,25119.771,3574.5852,2.3050458,5404.187,NA,91.209831,249.53551,3.8380396,377.34796,5.8957992,435,11.257327,780,13.923599,NA,NA,7.619,178.11403,251.60185,6.25,NA,NA,NA,NA,NA,NA,NA,NA,NA,3.0201249,8.4718695,11.228654,NA,NA,NA,NA,267.01697,454.25397,425.97174,NA,NA,NA,NA,NA,NA,NA,NA,NA,NA,NA,NA,NA,NA,NA
"7","Nepal","NPL",1966,8018.5356,301920.13,26333.807,3826.2588,2.6558466,6568.999,NA,89.895592,230.87219,2.8792317,461.9678,5.8957987,390,8.1834888,605,8.7566938,NA,NA,7.61725,209.47336,307.67313,6.2941175,NA,NA,NA,NA,NA,NA,NA,NA,NA,3.4546897,14.38897,11.465116,NA,NA,NA,NA,280.41568,477.74985,450.6998,NA,NA,NA,NA,NA,0,0,0,0,1,0,0,0,0,1
"8","Nepal","NPL",1967,7445.2026,297175.47,25377.211,3766.1294,2.505322,5901.4565,NA,86.979515,221.19492,2.9709725,442.25012,5.8957982,441,9.9662323,446,6.952455,NA,NA,8.0341673,190.98215,315.5806,6.859375,NA,NA,NA,NA,NA,NA,NA,NA,NA,3.3576708,-2.8083315,11.710328,NA,NA,NA,NA,298.34442,501.71759,487.75134,NA,NA,NA,NA,NA,0,1,0,1,0,0,0,0,0,2
"9","Nepal","NPL",1968,8324.9316,299182.84,25004.559,3791.5691,2.7825565,6590.2832,NA,86.867561,282.02353,3.3876977,450.38974,5.8957987,491,9.9236116,538,7.5003481,NA,NA,10.125,149.42334,332.11444,6.4166665,NA,NA,NA,NA,NA,NA,NA,NA,NA,3.3972867,1.17987,11.965132,NA,NA,NA,NA,354.81036,562.203,582.12347,NA,NA,NA,NA,NA,1,0,0,0,0,0,0,0,0,1
"10","Nepal","NPL",1969,9267.333,312536.66,25560.789,3960.803,2.9651988,7598.3677,NA,89.970436,267.5076,2.8865652,489.6344,5.8957987,560,10.16722,816,10.219161,NA,NA,10.125,150.83777,386.02911,6.7125001,NA,NA,NA,NA,NA,NA,NA,NA,NA,3.535135,4.0575914,12.227191,NA,NA,NA,NA,433.09705,697.70544,747.84222,NA,NA,NA,NA,NA,NA,NA,NA,NA,NA,NA,NA,NA,NA,NA
"11","Nepal","NPL",1970,10176.077,320587.56,25651.775,4062.8328,3.1741958,8980.9004,322048.78,89.970428,361.51544,3.5526016,578.724,5.8957987,430,10.16722,728,8.3029194,-12.894186,-0.12671077,10.125,165.03531,491.7019,7.7727275,NA,NA,NA,NA,NA,NA,64.901024,0.63778037,NA,4.0737934,15.2373,12.497675,NA,NA,NA,NA,425.05786,650.5249,746.95038,NA,NA,0,0,0,1,0,0,0,0,1,0,0,0,2
"12","Nepal","NPL",1971,10373.378,316755.31,24799.012,4014.2664,3.2748868,8693.7021,313431.25,89.970421,479.02524,4.6178331,766.83698,7.6636271,483,10.16722,816,9.1295586,-12.894186,-0.12430074,10.125004,154.99339,553.52405,8.6516857,NA,NA,NA,NA,NA,NA,154.13327,1.4858541,NA,3.9923375,-1.9995,12.772901,NA,NA,NA,NA,458.93741,729.88251,889.9679,NA,NA,0,0,0,NA,NA,NA,NA,NA,NA,NA,NA,NA,NA
"13","Nepal","NPL",1972,12034.187,326631.09,25022.84,4139.4229,3.6843359,9716.5205,319677.16,89.970421,525.33795,4.3653798,840.97565,7.2446632,587,10.167219,821,7.9178319,139.49165,1.1591282,10.125,154.91708,631.88007,8.4519234,786.75879,NA,466.60001,4.4999514,NA,NA,238.02283,1.9778888,NA,4.3272557,8.38902,13.053318,NA,NA,NA,NA,517.44507,784.61194,1040.1201,NA,NA,0,0,0,0,0,0,1,0,1,0,0,0,2
"14","Nepal","NPL",1973,11569.949,325074.59,24366.816,4119.6973,3.5591674,10775.884,316996.47,89.970436,632.47919,5.4665689,1012.4904,9.0721655,659,10.16722,1034,10.372153,-109.97777,-0.95054668,10.500167,143.32303,694.42108,9.6599998,786.45728,NA,521.09998,5.2272043,NA,NA,328.10849,2.8358681,NA,4.8218517,11.4298,13.340873,NA,NA,NA,NA,664.38422,1010.2291,1332.7223,NA,NA,0,0,0,NA,NA,NA,NA,NA,NA,NA,NA,NA,NA
"15","Nepal","NPL",1974,14864.871,345663.5,25350.229,4380.6221,4.3003879,13729.802,343333.38,89.970436,775.5647,5.217433,1241.5457,8.6587067,698,10.16722,1351.0001,10.548096,-308.31143,-2.0740943,10.56,146.23169,856.16516,9.3046875,979.40363,NA,642.29999,5.0148349,NA,NA,913.1543,6.1430354,NA,5.7768836,19.806299,13.635518,NA,NA,NA,NA,687.60858,1195.0824,1560.6261,NA,NA,0,0,0,NA,NA,NA,NA,NA,NA,NA,NA,NA,NA
"16","Nepal","NPL",1975,19232.184,350697.97,25158.986,4444.4243,5.4839735,14909,340757.16,89.970428,1660.3444,8.6331568,2223,13.415003,1475.0001,10.167219,2215,13.366726,-138.92296,-0.72234625,11.002833,139.24167,1069.6672,10.054054,1283.5956,NA,843.59998,5.0908213,NA,NA,1140.8627,5.9320498,NA,6.2151175,7.58599,13.939273,NA,NA,NA,NA,747.71136,1239.1489,1751.073,NA,NA,0,0,0,0,0,0,0,0,1,0,0,0,1
"17","Nepal","NPL",1976,20187.352,366123.56,25696.951,4639.9141,5.5138083,15354,349033.06,88.27182,1819.3281,9.0122194,2443,14.045074,1874,10.167219,2466,14.177302,257.56854,1.2758907,12.5,120.60291,1354.3368,10.827586,1454.4336,NA,911.90002,5.2426128,NA,NA,1457.4724,7.2197309,NA,6.0216255,-3.11324,14.247744,NA,NA,NA,12,963.68567,1509.3046,2249.364,NA,NA,0,0,0,0,0,0,0,0,1,0,0,0,1
"18","Nepal","NPL",1977,20055.043,377169.41,25885.186,4779.8989,5.3172507,14948,352365.47,86.504631,1914.0272,9.5438709,2581,14.936342,2036.9999,10.157048,2474,14.317129,-22.863676,-0.11400463,12.5,121.02,1631.0989,13.115607,1691.4961,NA,1101.8,6.3761568,NA,NA,1948.4031,9.7152777,NA,6.6176977,9.8988504,14.57086,NA,NA,NA,12,1038.3356,1783.7065,2723.0894,NA,NA,0,0,0,NA,NA,NA,NA,NA,NA,NA,NA,NA,NA
"19","Nepal","NPL",1978,22900.816,393786.5,26405.473,4990.4888,5.8155413,17092,370474.78,86.62072,2493.2815,10.887304,3294,16.693695,2086,9.1088476,3053,15.472328,-367.4733,-1.6046296,12.1105,118.88998,1858.9781,13.126904,1998.8035,NA,1247.7,6.3232307,NA,NA,2615.7439,11.422055,NA,7.1038394,7.3460898,14.913064,NA,NA,NA,12,1220.3665,2026.3086,3256.9727,NA,NA,0,0,0,1,0,0,0,0,0,0,0,0,1
"20","Nepal","NPL",1979,25782.568,403114.81,26406.584,5108.707,6.3958373,19630,384111.97,88.363716,2428.9966,9.4210815,3263,14.688274,2618,10.154148,3547,15.966689,-158.42091,-0.61444968,12,112.29461,2104.8291,13.189189,2334.0479,NA,1480.2,6.663065,NA,NA,2756.8284,10.692606,NA,7.3571239,3.56545,15.265694,NA,NA,NA,12,1375.6638,2344.3052,3779.9114,NA,NA,0,0,0,0,0,0,1,0,0,0,0,0,1
"21","Nepal","NPL",1980,27101,393765,25192.898,4990.2163,6.8825316,20759.998,378758.28,88.904114,2951.5698,10.891,3681,15.763779,2695,9.9442825,4374,18.731533,-1342.8545,-4.9549999,12,114.41815,2401.0005,14.273504,2632.813,NA,1533,6.5650291,NA,NA,3619.9407,13.357222,NA,8.4374809,9.8000002,15.63,NA,NA,NA,12,1517.8815,2658.8105,4442.2188,NA,NA,0,0,0,0,0,0,0,1,0,0,0,0,1
"22","Nepal","NPL",1981,31692,426610,26673.127,5406.4639,7.4287992,24333,410771.66,89.109016,1445.4722,4.5609999,4299,15.743216,3523,11.11637,5357,19.617682,-1246.7633,-3.934,12.336333,125.1243,2853.8838,14.542125,3249.3367,NA,2041.9,7.4775701,NA,NA,4582.9512,14.460909,NA,9.5714207,13.447,15.994,NA,5,12.793651,12,1736.8545,2967.843,5286.4595,NA,NA,0,0,0,2,0,0,0,0,0,0,0,0,2
"23","Nepal","NPL",1982,34528,442737,27047.285,5610.8428,7.7987609,27910,430088.28,90.067123,4105.0337,11.889,5465,17.635859,3592,10.403152,5827.9995,18.80728,-2429.3899,-7.0359998,13.243833,130.00487,3752.4619,16.838709,3644.2737,NA,2218.6001,7.1595454,NA,NA,7081.5171,20.509491,NA,10.565141,10.381,16.368999,NA,5,13,15,2165.1663,3401.1487,6394.4399,NA,NA,0,0,0,1,1,0,0,0,0,0,0,0,2
"24","Nepal","NPL",1983,40285,429552,25638.773,5443.748,9.378376,30874,422808.19,91.451424,8253.5908,20.488001,6576,19.478674,3454,8.5739107,7196.0005,21.315166,-3201.8518,-7.948,14.54525,133.53993,4924.2075,20.266272,3886.2607,NA,2430.2,7.1984601,NA,NA,10402.117,25.821316,NA,12.064866,14.197,16.754,NA,5,13,15,2505.8123,4007.3237,7682.0845,NA,NA,0,0,0,1,0,0,0,0,1,0,0,0,2
"25","Nepal","NPL",1984,47645,471138,27479.615,5970.771,10.112748,35504,457559.38,90.134552,13186.707,27.677,6907,17.534906,4196,8.8067999,7661,19.4491,-3668.1885,-7.6989999,16.459417,128.27304,5204.564,18.375635,4207.0342,NA,2751.5,6.9852757,NA,NA,13704.455,28.76368,NA,12.814729,6.2140002,17.145,NA,5,13,15,2906.0508,4554.9014,8696.1797,NA,NA,0,1,0,1,0,0,0,0,0,0,0,0,1
"26","Nepal","NPL",1985,57046,500089,28509.719,6337.6694,11.407169,40024,466318,85.914223,13201.585,23.142,9710,20.843172,5371,9.4152088,9317,19.999571,-3017.7334,-5.29,18.246416,121.07657,6786.061,20.257511,4782.0542,NA,3171.8999,6.8085518,NA,NA,17812.992,31.225664,NA,13.343596,4.1269999,17.541,NA,5,13,15,3287.0842,5204.3877,10469.791,NA,NA,0,0,0,1,0,0,0,0,0,0,0,0,1
"27","Nepal","NPL",1986,68236,522922,29153.258,6627.0342,13.048983,49246.801,501097.31,88.376282,14100.287,20.664,10124,18.168114,6498.7002,9.523859,11313.5,20.302742,-2478.3315,-3.632,21.229834,106.84579,7979.3726,19.928186,5683.7769,NA,3659.3999,6.5658302,NA,NA,24399.748,35.757881,NA,15.459062,15.854,17.937,NA,5,13,11,4178.2896,6435.1392,12495.062,NA,NA,0,0,0,1,0,0,0,0,0,1,0,0,2
"28","Nepal","NPL",1987,78203,531810,29019.426,6739.6724,14.705064,56139.371,507049.09,87.904564,16988.037,21.723,12459,19.508644,7544.4302,9.6472387,13351.8,20.906614,-2979.5342,-3.8099999,21.819166,107.14806,9776.5293,21.283255,7090.1748,NA,4384,6.8645873,NA,NA,30844.535,39.441628,NA,17.513565,13.285,18.326,NA,5,13,11,4941.5688,8043.8057,15296.633,NA,NA,0,0,0,1,0,0,0,0,0,0,0,0,1
"29","Nepal","NPL",1988,94174,572742,30593.557,7258.4067,16.442657,68171.438,548399.94,88.642548,21394.449,22.718,15321,19.921722,8803.5596,9.3481846,17213,22.381868,-4979.9214,-5.2880001,23.289249,106.26023,12508.206,22.626787,9247.6563,NA,5767.5,7.4994149,NA,NA,39029.445,41.44397,NA,19.444614,11.024,18.721001,NA,5,13,11,5689.2803,9114.2373,18689.895,NA,NA,0,0,1,1,0,0,0,1,1,1,0,0,4
"30","Nepal","NPL",1989,109313,597528,31210.654,7572.522,18.294205,80082.156,578711.63,89.708809,23687.033,21.669001,16176,18.120512,9879.9404,9.0382118,19892.1,22.283323,-6813.479,-6.2329998,27.188833,100.21929,12795.751,21.628189,9241.0244,NA,6301.1001,7.0584741,NA,NA,52648.164,48.162766,NA,21.014448,8.0780001,19.145,NA,5.2874999,13.166667,11,6965.0913,10847.649,22605.605,NA,NA,0,0,0,0,0,0,0,0,1,0,0,0,1
"31","Nepal","NPL",1990,126636,625224,31871.539,7923.5156,20.254501,96185.477,627654.88,93.008316,23369.408,18.454,16671,16.120329,10886.922,8.5970201,22401.4,21.661446,-8383.3027,-6.6199999,29.369167,92.829262,16318.177,22.038836,10614.461,8.4453087,7235.7002,6.9966931,NA,NA,66636.602,52.620583,NA,22.890631,8.9259996,19.617001,NA,6.7399998,13.541667,11,8531.5273,13219.886,26842.623,NA,NA,0,0,0,1,1,0,0,0,0,0,0,0,2
"32","Nepal","NPL",1991,151598,665029,33035.07,8427.9678,22.795698,113203.73,655819.56,91.440079,31392.914,20.708,22780,18.400497,14225.665,9.3838081,28702.4,23.184303,-10231.35,-6.7490001,37.255001,79.367958,18043.447,20.916666,12636.98,8.4086561,8196,6.6203017,NA,NA,98404.43,64.91143,NA,24.708895,7.9429998,20.131001,NA,8.4849997,12.966666,13,10934.553,16410.609,32942.273,NA,NA,0,0,0,1,1,0,0,0,0,1,0,0,3
"33","Nepal","NPL",1992,187004,692349,33443.582,8774.1963,27.010077,136024.7,663417.56,89.071297,39740.219,21.250999,29277,19.17108,24372.801,13.033304,39302.102,25.735687,-9453.0518,-5.0549998,42.717499,80.92617,20918.896,19.530201,14713.163,8.5106583,9901,6.4833441,NA,NA,115300.91,61.656921,NA,29.91221,21.061001,20.702,NA,9.2333336,13.325,13,12643.78,18942.221,39696.199,NA,NA,0,1,0,0,1,0,0,0,0,0,1,0,2
"34","Nepal","NPL",1993,215128,718981,33807.355,9111.7061,29.921236,154165.8,680539.19,87.752754,49993.598,23.239,37278,21.219021,32383.4,15.053085,50520.199,28.756617,-9891.5859,-4.598,48.607166,79.931091,21062.668,17.134502,18185.191,8.1414146,11691,6.6546373,NA,NA,136996.81,63.681538,NA,32.565689,8.8710003,21.267,NA,7.7333331,12.5,11,16450.16,23584.217,49627.73,NA,NA,0,0,0,1,0,0,0,1,1,0,0,0,3
"35","Nepal","NPL",1994,244015,778076,35699.746,9860.6221,31.361332,179425.8,758517.81,90.040649,56304.02,23.073999,42032,21.092777,37849.602,15.511178,62647.398,31.438135,-12588.733,-5.1589999,49.397411,81.683647,26022.82,18.190954,21327.605,9.4488935,15402,7.7291341,NA,NA,162370.53,66.541206,NA,35.481316,8.9510002,21.795,NA,6.1416669,9,11,18370.514,28353.979,58553.109,NA,NA,0,0,0,NA,NA,NA,NA,NA,NA,NA,NA,NA,NA
"36","Nepal","NPL",1995,268387,805063,36091.77,10202.631,33.337391,184862.5,739844.56,84.344704,68650.711,25.579,48370,22.069122,54734.922,20.39403,75653.422,34.517361,-4994.6821,-1.8609999,51.883968,77.912437,31270.516,19.863014,27176.291,10.542261,19694,8.9855137,NA,NA,177628.28,66.18364,NA,38.204903,7.677,22.306,NA,8.5944443,9,11,19949.008,31019.584,67587.133,NA,NA,0,0,0,1,1,0,0,0,2,0,0,0,4
"37","Nepal","NPL",1996,304802,848035,37220.637,10747.219,35.94215,213113.17,789452.56,85.617531,83274.953,27.320999,56081,22.530361,56795.91,18.633707,88713.078,35.640194,-13359.472,-4.3829999,56.689537,76.258781,33858.418,18.915663,31580.893,10.686867,21705,8.7199144,NA,NA,198724.45,65.197884,NA,40.948303,7.1789999,22.784,4.5,12.091666,9,11,21928.123,32829.238,75834.07,NA,NA,0,0,0,2,1,0,0,0,0,1,0,0,4
"38","Nepal","NPL",1997,343497,892649,38395.156,11312.616,38.480633,241351,816063.44,86.039146,87948.969,25.604,60794,21.672436,73853,21.500334,105775,37.707699,-2143.4214,-0.62400001,57.986744,82.674042,37380.844,18.505339,35454.895,10.442654,24471,8.7236595,NA,NA,205694.36,59.882431,NA,44.264767,8.1009998,23.249001,NA,6.7874999,9,9,35328.281,47759.254,98237.984,NA,NA,0,0,0,0,1,0,0,0,1,0,0,0,2
"39","Nepal","NPL",1998,368394,918916,38767.922,11645.5,40.090061,259407,853449.63,86.226128,92864.758,25.208,65375,21.730459,68659,18.637383,101949,33.88755,-3031.8826,-0.82300001,66.028824,81.582291,39321.773,18.172758,36955.254,10.427629,25991,8.6393328,NA,NA,244434.72,66.35144,NA,47.950069,8.3260002,23.702999,NA,2.8,9,9,32031.383,42336.395,109222.34,NA,NA,0,0,0,2,2,0,0,0,0,0,0,0,4
"40","Nepal","NPL",1999,418834,960110,39767.637,12167.555,43.623543,295473,911149,86.38652,88168.742,21.051001,65269,19.082495,78150,18.658943,101648,29.71851,14818.348,3.5380001,68.250671,86.823616,43706.836,17.777779,39242.473,10.148932,28808,8.4225054,NA,NA,268339.03,64.068108,NA,53.406391,11.379,24.143,1.85,2.9416666,8.75,9,35328.281,51334.781,132902.16,NA,NA,0,0,0,1,1,0,0,0,0,0,1,0,3
"41","Nepal","NPL",2000,464695,1018833,41483.43,12911.756,45.610516,321911,935970.25,84.827713,112614.19,24.233999,73324,19.321823,88360,19.014622,123055,32.426586,25990.391,5.5929999,70.5784,88.264023,53123.934,11.432,46241.801,9.9510002,33152,8.735981,-6882.1328,-1.4809999,236009.28,50.787998,NA,55.218555,3.3929999,24.559999,NA,5.2883334,8.5,7.5,42149.566,58754.988,157948.23,NA,NA,0,0,0,1,2,0,0,0,0,0,0,0,3
"42","Nepal","NPL",2001,503620,1076179,43123.059,13638.507,46.797047,390017.06,1023970.9,88.335373,122158.07,24.256001,84750,19.195116,99610,19.778801,146757,33.239147,33767.719,6.7049999,75.086349,86.908409,64982.09,12.903,53126.875,10.549,38865,8.8025751,-11855.215,-2.3540001,255667.72,50.765999,NA,56.562824,2.4349999,24.955999,NA,4.7108335,8.5,6.5,47221.949,68091.594,184444.47,NA,NA,0,0,0,0,2,0,0,0,1,0,0,0,3
"43","Nepal","NPL",2002,524065,1077472,42534.027,13654.894,48.638386,415843.41,1050443.9,90.51033,117956.55,22.507999,89889,19.564777,81492,15.549979,130911.8,28.493589,17833.932,3.4030001,77.984818,83.793053,68091.766,12.993,55173.563,10.528,39331,8.5605831,-12912.962,-2.464,271544.28,51.814999,NA,58.201244,2.8959999,25.332001,NA,4.3416667,8.25,5.5,47165.914,75734.055,189349.16,NA,NA,0,0,0,0,1,0,0,0,1,0,0,1,3
"44","Nepal","NPL",2003,561465,1119979,43607.793,14193.588,50.131744,450090.22,1103086,91.43882,132589.95,23.615,98073,19.924183,77279.602,13.763922,140522.2,28.548019,11931.131,2.125,76.04586,81.509666,67134.367,11.957,65236.617,11.619,42586.898,8.6518116,-1897.7517,-0.338,297430.47,52.973999,NA,60.961411,4.743,25.683001,NA,3.5508332,7.5,5.5,48530.977,89166.648,208696.06,NA,NA,0,0,0,1,0,0,0,0,0,0,0,1,2
"45","Nepal","NPL",2004,612245,1172424,45086.293,14858.228,52.220444,473685.06,1114478.4,88.250755,161957.17,26.452999,109181,20.341166,89544.203,14.62555,158150.91,29.464592,14497.962,2.368,73.592941,81.614021,72238.789,11.799,71357.156,11.655,48173,8.9749584,-881.63275,-0.14399999,314228.63,51.324001,NA,63.377129,3.9630001,26.004,3.8,1.9458333,6.625,5.5,56028,98263.203,234468.69,NA,NA,0,0,0,1,0,0,0,0,0,0,0,0,1
"46","Nepal","NPL",2005,672315,1213213,46156.098,15375.15,55.416073,521301.56,1155781.5,88.444344,188517.13,28.040001,117539,19.941738,85958,12.785376,173754.3,29.479261,11772.236,1.751,71.350861,84.604141,81007.234,12.049,82654.406,12.294,54104.801,9.1794538,1647.1718,0.245,303435.94,45.132999,NA,66.254646,4.539,26.285,NA,2.9691668,6.5,6,61146.02,103566.24,257314.31,NA,NA,0,0,0,2,0,0,0,0,1,0,0,0,3
"47","Nepal","NPL",2006,746084,1254033,47288.098,15892.466,59.494766,595327.13,1229417.6,91.016922,213230.81,28.58,135532,20.720886,87952,11.788485,204829,31.315397,13914.467,1.865,72.830269,86.528191,83330.125,11.169,85090.883,11.405,57426.996,8.7797585,1753.2974,0.235,319838.75,42.868999,NA,71.529594,7.9629998,26.518999,NA,2.7325001,6.125,6.25,69900.273,118710.25,301019.22,NA,NA,0,0,0,1,0,0,1,0,2,0,0,0,4
"48","Nepal","NPL",2007,830199,1296816,48544.434,16434.658,64.018257,656374.69,1259709.4,90.182793,251317.84,30.271999,153337,21.067781,93567,11.270431,230893,31.72361,-971.33282,-0.117,65.994576,92.07856,108797.58,13.105,103218.64,12.433,71126.703,9.7724733,-5570.6353,-0.671,314520.88,37.884998,NA,75.966286,6.2030001,26.714001,NA,2.6837499,6,6.25,77740.469,130966.39,356793.84,NA,NA,0,0,0,1,0,0,0,0,0,0,0,0,1
"49","Nepal","NPL",2008,930384,1375981,51185.961,17437.922,67.616051,735469.88,1336403.9,90.168907,296773.88,31.898001,178446,21.877552,104207,11.200429,271291,33.260387,22357.129,2.4030001,69.708321,88.059685,124587.72,13.391,121880.3,13.1,85155.398,10.440086,-2707.4175,-0.29100001,341981.25,36.757,NA,81.038536,6.677,26.882,2.0999999,5.0308332,6,6.5,100175.2,154343.89,495377.13,NA,NA,0,0,0,2,0,0,0,0,0,0,0,0,2
"50","Nepal","NPL",2009,1127276,1438356,53219.223,18228.406,78.372528,895041.75,1403143.3,90.566338,371572.72,32.962002,211039,21.354343,122737,10.887928,342536,34.660095,41201.938,3.655,77.397614,91.459579,191422.73,16.981001,166194.3,14.743,117051.3,11.844037,-25217.164,-2.237,444845.69,39.462002,NA,91.268364,12.624,27.027,NA,5.1025252,NA,6.5,125758.48,196459.38,630521.19,NA,NA,0,0,0,2,1,0,1,0,1,0,0,1,6
"51","Nepal","NPL",2010,1360542,1507633,55505.227,19106.359,90.243584,1056184.6,1437957.6,88.548599,529971.94,38.952999,264888,22.207727,114298,8.4009171,434198,36.40237,-28176.826,-2.0710001,73.166595,100,223863.58,16.454,214720.73,15.782,159785.38,13.396115,-9142.8418,-0.67199999,481509.41,35.390999,NA,100,9.5649996,27.162001,NA,6.9133334,NA,7,142114.55,218159.02,719599.13,NA,NA,0,0,0,2,2,0,0,0,0,0,0,0,4
"52","Nepal","NPL",2011,1559222,1559222,57185.578,19760.15,100,1448115.4,1448115.4,92.874191,433619.63,27.809999,373938.78,23.982388,121715.03,7.8061385,444232.22,28.490623,-13003.911,-0.83399999,74.580368,101.43149,254854.83,16.344999,243690.81,15.629,181254.59,11.624678,-11179.622,-0.71700001,505577.72,32.424999,NA,109.56532,9.566,27.266001,1.63187,5.7377,NA,7,141931.5,222351.34,921320.13,NA,NA,0,0,0,2,0,0,0,1,2,0,0,2,7
"53","Nepal","NPL",2012,1758379,1632040,59713.879,20682.979,107.74117,1598004.1,1489235.8,90.879379,502949.16,28.603001,421842.34,23.990408,153863.3,8.7502918,512947.59,29.171616,73640.914,4.1880002,85.391182,97.014236,294845,16.768,274342.28,15.602,211723,12.040805,-20502.699,-1.166,606904.5,34.514999,NA,118.66579,8.3050003,27.330999,3.0999999,0.72269654,NA,8,170491.69,263705.69,1130302.3,NA,NA,0,0,0,1,0,0,0,0,1,0,0,0,2
"54","Nepal","NPL",2013,1949295,1689572,61703.746,21412.086,115.37212,1789862.9,1520656.5,91.821045,578492.25,29.677,482065.13,24.730232,181180.3,9.2946577,634899.31,32.570717,55827.809,2.8640001,93.570206,97.031776,302062.75,15.496,332744.66,17.07,259215,13.297886,30681.902,1.574,621805.63,31.899,NA,130.38164,9.8730001,27.382,3,1.6543328,NA,8,195874.23,301590.19,1315376.3,NA,NA,0,0,0,2,0,0,0,0,0,0,0,1,3
"55","Nepal","NPL",2014,2232525,1791141,65222.527,22699.277,124.64262,2023455.9,1577436.9,90.635292,691770.19,30.986,563759.19,25.252085,226021.8,10.124043,800552.31,35.858601,89256.344,3.9979999,97.606613,100.33032,370219.63,16.583,400314.06,17.931,312439.91,13.99491,30072.111,1.347,615083,27.551001,NA,142.16606,9.0389996,27.462,2.7,0.22248273,NA,8,227537.39,354830.03,1565967.1,NA,NA,0,0,0,3,0,0,0,0,2,1,0,0,6
"56","Nepal","NPL",2015,2423638,1862357,67452.266,23601.803,130.13821,2238829.8,1630533.8,92.374741,758041.25,31.277,667804.69,27.553808,247564.7,10.214591,883443.88,36.451141,106179.58,4.381,102.68868,109.89954,428256.84,17.67,442241.22,18.247,355942.94,14.686304,13984.392,0.57700002,623602.06,25.73,NA,152.42029,7.2119999,27.610001,3.0999999,0.740475,NA,7,270080.38,424744.63,1877801.5,NA,NA,0,0,0,0,0,0,0,2,2,0,0,0,4
"57","Nepal","NPL",2016,2608184,1870424,67134.133,23704.037,139.44347,2513172.3,1673400.5,96.357155,736577.25,28.240999,748685.13,28.705221,213338.48,8.1795797,885111.06,33.935909,142380.77,5.4590001,107.45163,115.23876,494537.78,18.961,525001.38,20.129,421058.78,16.143749,30463.588,1.168,650924.5,24.957001,NA,167.55777,9.9320002,27.861,NA,1.1771667,NA,7,327482.69,503287.13,2244578.5,NA,NA,0,0,0,2,0,0,0,0,0,0,1,0,3
"58","Nepal","NPL",2017,3077145,2038337,72325.055,25832.012,150.9635,2677585.5,1714634.4,87.015259,1148544.4,37.325001,940850.5,30.575436,240392.36,7.8121881,1133319.3,36.830223,-9939.1787,-0.32300001,104.16298,119.58684,727283.25,23.635,644538.81,20.945999,553866.44,17.999363,-82744.422,-2.6889999,768947.75,24.989,NA,175.02133,4.454,28.183001,8.3525,1.5712613,NA,7,361745.91,569402.38,2591702,NA,NA,0,0,0,2,0,0,0,0,1,0,0,0,3
"59","Nepal","NPL",2018,3455949,2193706,76953.242,27801.016,157.53929,2944759,1813624.5,85.208397,1366758.8,39.548,1120863.9,32.43288,270104.59,7.8156419,1404212.5,40.631744,-245303.27,-7.098,109.3045,116.73733,967631.19,27.999001,766045.63,22.166,659492.81,19.082827,-201585.52,-5.8330002,1074385.4,31.087999,NA,182.27916,4.1500001,28.507,11.4,3.6462283,NA,6.5,415985.44,669394.94,3094466.8,NA,NA,NA,NA,NA,1,0,0,0,0,0,0,0,1,2
"60","Nepal","NPL",2019,3858930,2339743,81150.906,29651.754,164.92966,3268382.5,1963977.1,84.696594,1596786.6,41.379002,1304902.1,33.815125,300222.34,7.7799377,1600282.6,41.469589,-267385.25,-6.9289999,112.60948,118.56052,1054992.9,27.339001,862548.06,22.351999,764417.88,19.809061,-192444.84,-4.987,1313193.9,34.029999,NA,190.73492,4.6389999,28.832001,9.8424997,3.315639,NA,6,423204.34,726642.75,3582137.8,NA,NA,NA,NA,NA,1,0,0,0,0,0,1,0,0,2
"61","Nepal","NPL",2020,3888704,2284300,77832.289,28949.121,170.23613,3666294.8,2035007.4,94.28064,1183721.5,30.440001,1184857.8,30.469221,264637.56,6.8052893,1326575.9,34.113575,-39392.57,-1.013,118.34518,118.4931,1073632.3,27.608999,865042.19,22.245001,613390.5,15.77365,-208590.08,-5.3639998,1684081,43.306999,NA,202.46449,5.0523667,29.349001,11.535,1.8833971,NA,5,490396.41,856260.88,4230970,NA,NA,NA,NA,NA,1,0,0,0,0,0,0,0,0,1
"62","Nepal","NPL",2021,4352550,2394818,79734.242,30349.725,181.74867,4075168.8,2178659,93.627151,1530530.6,35.164001,1276857.1,29.33584,222814.52,5.1191721,1651124,37.934635,-335189.88,-7.7010002,118.13408,116.54819,1185982.9,27.247999,1012794.9,23.268999,761056.63,17.485304,-173187.97,-3.9790001,1884001.3,43.285,NA,209.75125,3.599,30.035,NA,3.0623546,NA,5,571971.75,1049410.1,5154853,NA,NA,NA,NA,NA,4,0,0,0,0,0,0,0,0,4
"63","Nepal","NPL",2022,4976558,2529677,82809.906,32058.805,196.72702,4648915.5,2332778,93.41629,1873375.5,37.644001,1442210.1,28.980076,333548.34,6.7023902,2103641.3,42.271011,-625254.75,-12.564,125.19946,116.86541,1296741.8,26.056999,1141323.8,22.934,NA,NA,-155417.91,-3.1229999,2126483.3,42.73,NA,222.88303,7.5931039,30.548,NA,8.7555618,NA,8.5,NA,NA,NA,NA,NA,NA,NA,NA,2,1,0,0,1,1,1,0,0,6
"64","Nepal","NPL",2023,5348528,2579070,82978.992,32684.766,207.38203,4952326.5,2346309,92.592339,1693290.5,31.659,1341255.5,25.077097,371992.47,6.9550438,1855000.4,34.682449,-72846.953,-1.362,132.11546,115.01711,1346064,25.167,1034030.9,19.333,NA,NA,-312033.13,-5.8340001,2520440.3,47.124001,NA,240.30209,7.1147594,31.080999,NA,7.4644117,NA,7,NA,NA,NA,NA,NA,NA,NA,NA,1,1,0,0,1,0,0,0,0,3
